opp_tov_mean,opp_tov_sd
14.419381453753527,1.2750629282925572
